<?xml version="1.0" encoding="utf-8"?>
<items>
	<item>
		<Month>Jan</Month>
		<Profit>1000</Profit>
		<Cost>1500</Cost>
		<Revenue>2300</Revenue>
	</item>
	<item>
		<Month>Feb</Month>
		<Profit>1400</Profit>
		<Cost>1400</Cost>
		<Revenue>1200</Revenue>
	</item>
	<item>
		<Month>Mar</Month>
		<Profit>1500</Profit>
		<Cost>1200</Cost>
		<Revenue>1600</Revenue>
	</item>
	<item>
		<Month>Apr</Month>
		<Profit>1900</Profit>
		<Cost>1300</Cost>
		<Revenue>1300</Revenue>
	</item>
	<item>
		<Month>May</Month>
		<Profit>1400</Profit>
		<Cost>900</Cost>
		<Revenue>1000</Revenue>
	</item>
	<item>
		<Month>Jun</Month>
		<Profit>2000</Profit>
		<Cost>500</Cost>
		<Revenue>1200</Revenue>
	</item>
	<item>
		<Month>Jul</Month>
		<Profit>1800</Profit>
		<Cost>1400</Cost>
		<Revenue>1000</Revenue>
	</item>
	<item>
		<Month>Aug</Month>
		<Profit>2500</Profit>
		<Cost>800</Cost>
		<Revenue>1600</Revenue>
		
	</item>
	<item>
		<Month>Sep</Month>
		<Profit>3000</Profit>
		<Cost>1900</Cost>
		<Revenue>1200</Revenue>
	</item>
	<item>
		<Month>Oct</Month>
		<Profit>2000</Profit>
		<Cost>2300</Cost>
		<Revenue>1000</Revenue>
	</item>
	<item>
		<Month>Nov</Month>
		<Profit>2100</Profit>
		<Cost>2400</Cost>
		<Revenue>1700</Revenue>
	</item>
	<item>
		<Month>Dec</Month>
		<Profit>1700</Profit>
		<Cost>1900</Cost>
		<Revenue>2300</Revenue>
	</item>
</items>