<?xml version="1.0" encoding="utf-8"?>
<items>
	<item>
		<Month>Jan</Month>
		<Profit>1000</Profit>
		<Cost>1500</Cost>
		<Revenue>2300</Revenue>
		<Profit2>1020</Profit2>
		<Cost2>1300</Cost2>
		<Revenue2>2200</Revenue2>
		<Profit3>1200</Profit3>
		<Cost3>1401</Cost3>
		<Revenue3>2300</Revenue3>
	</item>
	<item>
		<Month>Feb</Month>
		<Profit>1400</Profit>
		<Cost>1400</Cost>
		<Revenue>1200</Revenue>
		<Profit2>1200</Profit2>
		<Cost2>2300</Cost2>
		<Revenue2>2230</Revenue2>
		<Profit3>1200</Profit3>
		<Cost3>1800</Cost3>
		<Revenue3>1900</Revenue3>
	</item>
	<item>
		<Month>Mar</Month>
		<Profit>1500</Profit>
		<Cost>1200</Cost>
		<Revenue>1600</Revenue>
		<Profit2>1100</Profit2>
		<Cost2>900</Cost2>
		<Revenue2>1300</Revenue2>
		<Profit3>1200</Profit3>
		<Cost3>2500</Cost3>
		<Revenue3>300</Revenue3>
	</item>
	<item>
		<Month>Apr</Month>
		<Profit>1900</Profit>
		<Cost>1300</Cost>
		<Revenue>1300</Revenue>
		<Profit2>2100</Profit2>
		<Cost2>2200</Cost2>
		<Revenue2>300</Revenue2>
		<Profit3>100</Profit3>
		<Cost3>680</Cost3>
		<Revenue3>770</Revenue3>
	</item>
	<item>
		<Month>May</Month>
		<Profit>1400</Profit>
		<Cost>900</Cost>
		<Revenue>1000</Revenue>
		<Profit2>1100</Profit2>
		<Cost2>500</Cost2>
		<Revenue2>1300</Revenue2>
		<Profit3>90</Profit3>
		<Cost3>1000</Cost3>
		<Revenue3>1300</Revenue3>
	</item>
	<item>
		<Month>Jun</Month>
		<Profit>2000</Profit>
		<Cost>500</Cost>
		<Revenue>1200</Revenue>
		<Profit2>1100</Profit2>
		<Cost2>2500</Cost2>
		<Revenue2>300</Revenue2>
		<Profit3>1770</Profit3>
		<Cost3>1600</Cost3>
		<Revenue3>1300</Revenue3>
	</item>
	<item>
		<Month>Jul</Month>
		<Profit>1800</Profit>
		<Cost>1400</Cost>
		<Revenue>1000</Revenue>
		<Profit2>100</Profit2>
		<Cost2>900</Cost2>
		<Revenue2>2000</Revenue2>
		<Profit3>1000</Profit3>
		<Cost3>2500</Cost3>
		<Revenue3>1300</Revenue3>
	</item>
	<item>
		<Month>Aug</Month>
		<Profit>2500</Profit>
		<Cost>800</Cost>
		<Revenue>1600</Revenue>
		<Profit2>1200</Profit2>
		<Cost2>2200</Cost2>
		<Revenue2>1100</Revenue2>
		<Profit3>900</Profit3>
		<Cost3>700</Cost3>
		<Revenue3>660</Revenue3>
		
	</item>
	<item>
		<Month>Sep</Month>
		<Profit>3000</Profit>
		<Cost>1900</Cost>
		<Revenue>1200</Revenue>
		<Profit2>660</Profit2>
		<Cost2>780</Cost2>
		<Revenue2>990</Revenue2>
		<Profit3>1400</Profit3>
		<Cost3>500</Cost3>
		<Revenue3>300</Revenue3>
	</item>
	<item>
		<Month>Oct</Month>
		<Profit>2000</Profit>
		<Cost>2300</Cost>
		<Revenue>1000</Revenue>
		<Profit2>970</Profit2>
		<Cost2>530</Cost2>
		<Revenue2>500</Revenue2>
		<Profit3>200</Profit3>
		<Cost3>1200</Cost3>
		<Revenue3>200</Revenue3>
	</item>
	<item>
		<Month>Nov</Month>
		<Profit>2100</Profit>
		<Cost>2400</Cost>
		<Revenue>1700</Revenue>
		<Profit2>900</Profit2>
		<Cost2>1900</Cost2>
		<Revenue2>100</Revenue2>
		<Profit3>1400</Profit3>
		<Cost3>1260</Cost3>
		<Revenue3>700</Revenue3>
	</item>
	<item>
		<Month>Dec</Month>
		<Profit>1700</Profit>
		<Cost>1900</Cost>
		<Revenue>2300</Revenue>
		<Profit2>1100</Profit2>
		<Cost2>500</Cost2>
		<Revenue2>300</Revenue2>
		<Profit3>1700</Profit3>
		<Cost3>550</Cost3>
		<Revenue3>302</Revenue3>
	</item>
</items>