<?xml version="1.0" encoding="utf-8"?>
<rMateChart backgroundColor="0xFFFFFF">
	<Options>
		<Caption text="Annual Report"/>
	</Options>
	<NumberFormatter id="numFmt" precision="0" useThousandsSeparator="true"/>
	<Column3DChart showDataTips="true">
<!-- Column 차트 생성시에 필요한 Column3DChart 정의합니다. -->
<!-- showDataTips : 데이터에 마우스를 가져갔을 때 나오는 Tip을 보이기/안보이기 속성입니다. -->
		<horizontalAxis>
			<CategoryAxis categoryField="Month"/> 
		</horizontalAxis>
		<verticalAxis>
			<LinearAxis formatter="{numFmt}"/>
		</verticalAxis>
		<series>
			<Column3DSeries labelPosition="outside" yField="Profit" displayName="Profit" showValueLabels="[5,6,7]" outsideLabelYOffset="-6">
			<!-- Column3DChart 정의 후 Column3DSeries labelPosition="both"정의합니다 -->
				<showDataEffect>
<!-- 차트 생성시에 Effect를 주고 싶을 때 shoDataEffect정의합니다 -->
<SeriesInterpolate/> 
<!-- SeriesInterpolate는 시리즈 데이터가 새로운 시리즈 데이터로 표시될 때 이동하는 효과를 적용합니다 -->
<!-- elementOffset : effect를 지연시키는 시간을 지정합니다 default:20 -->
<!-- minimumElementDuration : 각 엘리먼트의 최소 지속 시간을 설정합니다 default:0 -->
			 <!-- 이 값보다 짧은 시간에 effect가 실행되지 않습니다. -->
<!-- offset : effect개시의 지연시간을 설정합니다 default:0 -->
<!-- perElementOffset : 각 엘리먼트의 개시 지연시간을 설정합니다. -->
				</showDataEffect>
			</Column3DSeries>
		</series>
		<annotationElements>
			<CrossRangeZoomer enableZooming="false" zoomType="horizontal" horizontalLabelFormatter="{numFmt}" />
		</annotationElements>
	</Column3DChart>
</rMateChart>