<?xml version="1.0" encoding="utf-8"?>
<rMateChart backgroundColor="0xFFFFFF" borderStyle="none">
	<Options>
		<Caption text="Annual Report"/>
	</Options>
	<NumberFormatter id="numFmt" precision="0" useThousandsSeparator="true"/>
	<Line2DChart showDataTips="true">
		<horizontalAxis>
			<CategoryAxis categoryField="Month" padding="0"/>
		</horizontalAxis>
		<verticalAxis>
			<LinearAxis interval="300" formatter="{numFmt}"/>
		</verticalAxis>
		<series>
			<Line2DSeries yField="Profit" form="segment">
			<!-- form의 기본값은 segement입니다 -->
				<showDataEffect>
					<SeriesInterpolate/> 
				</showDataEffect>
			</Line2DSeries>
		</series>
	</Line2DChart>
</rMateChart>